{
    "@timestamp": "2024-02-04T12:00:00Z",
    "ekaghni": 5.167805775010921,
    "localhost.localdomain": 5.72744555159398,
    "nibin-dev": 5.71324962272787,
    "saad-dev": 6.0879349577332995,
    "telaverge": 6.010192218300417,
    "yuvipep-dev": 6.025904972341839
}
